favorite,name,nickName,title,company,email,mobileNumber_code,mobileNumber_number,telephoneNumber_code,telephoneNumber_number,country_code,country_name,country_no,dateOfBirth,address,relationship,zodiacSign,tags,description,website,socialLinks_facebook,socialLinks_twitter,socialLinks_linkedIn,socialLinks_instagram,socialLinks_youtube,profilePic
0,Gaultiero Markos,Physcia subtilis Degel.,Mechanical Systems Engineer,gmarkos0,gmarkos0@people.com.cn,355,7168861743,355,(451) 592-4978,AL,Albania,355,2022-06-16,11 Corscot Parkway,Brother,Capricorn,,"Destruction of Left Tarsal Joint, Open Approach",https://com.com,,,,,,"data:image/png;base64,iVBORw0KGgoAAAANSUhEUgAAAgAAAAIACAIAAAB7GkOtAAANG0lEQVR4nOzX/dcXdH3HcS+9jBzKIdiaWqTd4A3IpabMNWLlMufBpUvLRA09ijm3Cs4UkRMuzZk1S5YxWTkW4AGT5owlEBgReiA2dG5yUlhuaTZuFENn8oMa7q94ndM5r8fjD3h9rvO9vuf7PO/BvVtuPCBp0uQzovtzX5sZ3V/9X5+N7i9a8Lbo/rB9X4ruf++CydH9Lftvje5fOP/H0f3b3zkyun/FzLHR/QuP/kZ0/84tp0b3r596aHR/9o+y358XPpb9/hwYXQfgN5YAAJQSAIBSAgBQSgAASgkAQCkBACglAAClBACglAAAlBIAgFICAFBKAABKCQBAKQEAKCUAAKUEAKCUAACUEgCAUgIAUEoAAEoJAEApAQAoJQAApQQAoJQAAJQSAIBSAgBQSgAASgkAQCkBACg1MPqjI6MPHPHCd6P7yz6e/ftv+I9V0f05y5ZH9196/8To/rT/uTu6v+/j74/ubz3ruej+uY/Miu6/Y9W66P7nw/vT7l8Y3T93wrHR/bcOnxzd//ZPH4nuuwAASgkAQCkBACglAAClBACglAAAlBIAgFICAFBKAABKCQBAKQEAKCUAAKUEAKCUAACUEgCAUgIAUEoAAEoJAEApAQAoJQAApQQAoJQAAJQSAIBSAgBQSgAASgkAQCkBACglAAClBACglAAAlBIAgFIDt6357egDp6zO7m/46bLo/ifmHx3d/8lRr0b3Tx31enR/1vKl0f1RK/43un/Qpdui+0tP2xXdf/NvzYnuT5t4UXR/xh3fiu5/+exN0f1fXf7u6P7sn0+J7rsAAEoJAEApAQAoJQAApQQAoJQAAJQSAIBSAgBQSgAASgkAQCkBACglAAClBACglAAAlBIAgFICAFBKAABKCQBAKQEAKCUAAKUEAKCUAACUEgCAUgIAUEoAAEoJAEApAQAoJQAApQQAoJQAAJQSAIBSg6f90xeiDzx73JnR/aW7VkT3J61ZGd3/2cl/Hd0/6fgTovsPbpgX3Z9/wj3R/Y/96pTo/spZn4vuf/H8c6P7Y65+KLr/1VefiO7/7t1jo/tb3rc7u78w+/vsAgAoJQAApQQAoJQAAJQSAIBSAgBQSgAASgkAQCkBACglAAClBACglAAAlBIAgFICAFBKAABKCQBAKQEAKCUAAKUEAKCUAACUEgCAUgIAUEoAAEoJAEApAQAoJQAApQQAoJQAAJQSAIBSAgBQSgAASg3c9tTl0QdmHjw7uj9t89ui++8a+/bo/ntf2RLdXzM0Krp/9Nx3RfcnHbM/u7/33dH9bevPiu4v2LU1ur979z3R/X855uLo/k0Tx0X3Z/7zzdH9ry367+i+CwCglAAAlBIAgFICAFBKAABKCQBAKQEAKCUAAKUEAKCUAACUEgCAUgIAUEoAAEoJAEApAQAoJQAApQQAoJQAAJQSAIBSAgBQSgAASgkAQCkBACglAAClBACglAAAlBIAgFICAFBKAABKCQBAKQEAKDX4zJbPRB/YecKM6P77tl8X3d949WXR/V17vhrdH3vE7uj+jaM3R/enbno2uv+tcadH92f90cPR/X8/e3t0/7mDfhLdX7720ej+bSN/FN3/wLV3Rve/+Uz298EFAFBKAABKCQBAKQEAKCUAAKUEAKCUAACUEgCAUgIAUEoAAEoJAEApAQAoJQAApQQAoJQAAJQSAIBSAgBQSgAASgkAQCkBACglAAClBACglAAAlBIAgFICAFBKAABKCQBAKQEAKCUAAKUEAKCUAACUGvzi3E3RBxbc8nB0f+ja34vuXzFia3R/3mH3R/dPnj4iuj9lz1B0/6B/+HR0f9GX90T3tw1+Pbr/+O9kv/9fumVkdP+874+J7m8deVx0/65rdkb3f3z+8Oi+CwCglAAAlBIAgFICAFBKAABKCQBAKQEAKCUAAKUEAKCUAACUEgCAUgIAUEoAAEoJAEApAQAoJQAApQQAoJQAAJQSAIBSAgBQSgAASgkAQCkBACglAAClBACglAAAlBIAgFICAFBKAABKCQBAKQEAKDXwyesOiT5w4Prd0f3zf/G96P7wyfdF9/c+f3l0f8bLF0b3RwyNju6vPXFFdP+QSYdH9zee9q/R/Q89d2R0//EvbI7uTzn019H9qSddEt3/xyuvju5f9J0PRfddAAClBACglAAAlBIAgFICAFBKAABKCQBAKQEAKCUAAKUEAKCUAACUEgCAUgIAUEoAAEoJAEApAQAoJQAApQQAoJQAAJQSAIBSAgBQSgAASgkAQCkBACglAAClBACglAAAlBIAgFICAFBKAABKCQBAqYFD/+646ANLh98e3Z9w0zXR/U8dMDu6f+3IO6L7byzZHN3/3LXPR/ePX/bN6P6yw9ZF92cP2xPdv2DU09H94z8yI7r/pgnDovuz31gf3b/+h0ui+z/cdlR03wUAUEoAAEoJAEApAQAoJQAApQQAoJQAAJQSAIBSAgBQSgAASgkAQCkBACglAAClBACglAAAlBIAgFICAFBKAABKCQBAKQEAKCUAAKUEAKCUAACUEgCAUgIAUEoAAEoJAEApAQAoJQAApQQAoJQAAJQaPHPf2dEHHl2yNrp/5fCjovu7pj0d3R99+7HR/akn3hHdv+ztD0T3B7776+j+fS/eGd0/a+nF0f3/m/BidP/Yj06N7p9zy6XR/dnjH43u/8k3xkT3r9rwWHTfBQBQSgAASgkAQCkBACglAAClBACglAAAlBIAgFICAFBKAABKCQBAKQEAKCUAAKUEAKCUAACUEgCAUgIAUEoAAEoJAEApAQAoJQAApQQAoJQAAJQSAIBSAgBQSgAASgkAQCkBACglAAClBACglAAAlBp47A+Gog+s+8wr0f03HzQluj9u1pzo/kObfxHdX/eVbdH9K5bsjO7v2TMY3V+w/d7o/teuzP5/r5q7NLq/+P4Z0f0bXvtIdP/YGeOj+6Nv2xDdP+/WedF9FwBAKQEAKCUAAKUEAKCUAACUEgCAUgIAUEoAAEoJAEApAQAoJQAApQQAoJQAAJQSAIBSAgBQSgAASgkAQCkBACglAAClBACglAAAlBIAgFICAFBKAABKCQBAKQEAKCUAAKUEAKCUAACUEgCAUgIAUGpwy4c/EH3g1RPPie7vu/fJ6P6s8bdG9y+4663R/QfH/X10/957dkT3Lxm2Jrr/7fGfje7fPfG90f3t338gun/6pOznf86El6P7C7+T/Xxu2DUiun/cIy9F910AAKUEAKCUAACUEgCAUgIAUEoAAEoJAEApAQAoJQAApQQAoJQAAJQSAIBSAgBQSgAASgkAQCkBACglAAClBACglAAAlBIAgFICAFBKAABKCQBAKQEAKCUAAKUEAKCUAACUEgCAUgIAUEoAAEoJAECpwf8cuzX6wDtefiq6v3jO/Oj+wCdeiu6PHLE4un/d9A9G979yxs+i+0N3rYzuz3/hz6L7f3zjhuj+pb98Irr/xMIno/tXnf7B6P6BN70luj/90Kej+6sfvyi67wIAKCUAAKUEAKCUAACUEgCAUgIAUEoAAEoJAEApAQAoJQAApQQAoJQAAJQSAIBSAgBQSgAASgkAQCkBACglAAClBACglAAAlBIAgFICAFBKAABKCQBAKQEAKCUAAKUEAKCUAACUEgCAUgIAUEoAAEoNnP36X0QfOG/1pdH9EwbmRff/8sFPRfcvWbs7uv/MIYui+19/bVN0f//f7o/uH3Hz4dH9oQeyf/+ONx0c3d9/xmnR/U0vvhLdP/yhm6L7U1aeEt1fvnhNdN8FAFBKAABKCQBAKQEAKCUAAKUEAKCUAACUEgCAUgIAUEoAAEoJAEApAQAoJQAApQQAoJQAAJQSAIBSAgBQSgAASgkAQCkBACglAAClBACglAAAlBIAgFICAFBKAABKCQBAKQEAKCUAAKUEAKCUAACUGrz51FXRB37wNydF969454XR/Zl/dUN0f+eUk6P775m8I7r/7L5PR/e3bvzD6P7Fnx8e3R8zfnp0/8w/fz66/9SRo6L7p+9YH91/eEp0/oAn73xLdH/4GwdH910AAKUEAKCUAACUEgCAUgIAUEoAAEoJAEApAQAoJQAApQQAoJQAAJQSAIBSAgBQSgAASgkAQCkBACglAAClBACglAAAlBIAgFICAFBKAABKCQBAKQEAKCUAAKUEAKCUAACUEgCAUgIAUEoAAEoJAECpgcNGj4g+8Mmxo6P7l+39/ej+nCtPje5fPHdYdP/qMUdF929/7PXo/g9W7Y3uHzDvw9H5I/90YnR/3H2ro/v/9p7ro/sbj/lldP+U6edE96/Zm/18Vgz9PLrvAgAoJQAApQQAoJQAAJQSAIBSAgBQSgAASgkAQCkBACglAAClBACglAAAlBIAgFICAFBKAABKCQBAKQEAKCUAAKUEAKCUAACUEgCAUgIAUEoAAEoJAEApAQAoJQAApQQAoJQAAJQSAIBSAgBQSgAASv1/AAAA//+SAHt9oHuGIwAAAABJRU5ErkJggg=="
1,Albrecht Youtead,Scleria verticillata Muhl. ex Willd.,Desktop Support Technician,ayoutead1,ayoutead1@shop-pro.jp,213,2727179200,213,(975) 696-6908,DZ,Algeria,213,2016-04-15,86391 Lukken Circle,Sister,Aquarius,,"Removal of Synthetic Substitute from L Tibia, Open Approach",https://mail.ru,,,,,,default.png
1,Jan Lundbeck,Polytrichum formosum Hedw.,Project Manager,jlundbeck2,jlundbeck2@jugem.jp,244,6124191210,244,(858) 298-3765,AO,Angola,244,2022-08-29,17 Forest Pass,Parent,,,"Dilation of Gastric Artery with 4 Drug-elut, Perc Approach",http://blog.com,,,,,,"data:image/png;base64,iVBORw0KGgoAAAANSUhEUgAAAgAAAAIACAIAAAB7GkOtAAANIUlEQVR4nOzXDa/fdX3GcY6c4oEBPUABgbULBcmZnT20pgJ1AQvMAg5bsAusA2yGVarcbBRKC0w3MioRGLR0lIEyOiaMzVRgZThlCnOyjaCTpZ2rVbQUouus1R7b1dGbPYorWXK9Xg/g+p78zj955zN42Z3fPiBp5UEXRPdvHXo4uj+67Lro/smbLoruH3P09Oj+lV//THT/7ydvju4fsHV2dH7fzrOj+2tuOSi6f/2vZb/P5tHDovsPTbkwun/T1g3R/U++fnd0/y3RdQD+3xIAgFICAFBKAABKCQBAKQEAKCUAAKUEAKCUAACUEgCAUgIAUEoAAEoJAEApAQAoJQAApQQAoJQAAJQSAIBSAgBQSgAASgkAQCkBACglAAClBACglAAAlBIAgFICAFBKAABKCQBAKQEAKCUAAKUGJz13RvSB98wcje5/YNIR0f3bZk+O7r966d7o/qydc6P7R88Yi+6fd/K7o/unHjIrur/hiUOi+1849OTo/m/s/Fx0/5xzb4nuH7dpaXT/tx5/Jrr/4ju2RPddAAClBACglAAAlBIAgFICAFBKAABKCQBAKQEAKCUAAKUEAKCUAACUEgCAUgIAUEoAAEoJAEApAQAoJQAApQQAoJQAAJQSAIBSAgBQSgAASgkAQCkBACglAAClBACglAAAlBIAgFICAFBKAABKCQBAqYGfnH9T9IEn9s+L7r/y9tXR/d1jF0f3l5w2Ft3/5ku3Rfc3rBmN7v/86bdG98ev/pvo/hsXvj26v2/q7uj+svPvju7fse7g6P4Hzxof3f/RqWui+yvHb47uuwAASgkAQCkBACglAAClBACglAAAlBIAgFICAFBKAABKCQBAKQEAKCUAAKUEAKCUAACUEgCAUgIAUEoAAEoJAEApAQAoJQAApQQAoJQAAJQSAIBSAgBQSgAASgkAQCkBACglAAClBACglAAAlBIAgFIDNx+1PfrA52YsiO4P7Dgzur/ysaui+2u3PRjdv+H8R6P7d4xfF93/pbd9ILp/7xFrovub3z01ur901/jo/pSZE6P7sx4/J7p/x/3XR/cvPfus6P7bJv5JdN8FAFBKAABKCQBAKQEAKCUAAKUEAKCUAACUEgCAUgIAUEoAAEoJAEApAQAoJQAApQQAoJQAAJQSAIBSAgBQSgAASgkAQCkBACglAAClBACglAAAlBIAgFICAFBKAABKCQBAKQEAKCUAAKUEAKCUAACUGrhw8aroA5fMOTC6v+uKk6L7a+f8ILp/y2eujO5f/uyj0f37lnwwuj/p6yPR/e0vnxjd//SE+dH9uT+cF93/xjdOi+5fc1j2/3vDsVOi+xsmLI/uPz1rQXTfBQBQSgAASgkAQCkBACglAAClBACglAAAlBIAgFICAFBKAABKCQBAKQEAKCUAAKUEAKCUAACUEgCAUgIAUEoAAEoJAEApAQAoJQAApQQAoJQAAJQSAIBSAgBQSgAASgkAQCkBACglAAClBACglAAAlBpcNmdt9IEnf/rb0f2db74juv/jeVuj+/844YfR/QdXnRbd37/gX6P7i4ZHo/sT1/9TdP9r582O7l/8zH9F95/a8wfR/ZXH74ruz9pwYHT/5Wufiu5f+9Jno/suAIBSAgBQSgAASgkAQCkBACglAAClBACglAAAlBIAgFICAFBKAABKCQBAKQEAKCUAAKUEAKCUAACUEgCAUgIAUEoAAEoJAEApAQAoJQAApQQAoJQAAJQSAIBSAgBQSgAASgkAQCkBACglAAClBACg1OBNF18XfeC+FUdE9ydOvjG6f8i4e6L7fzs2Lbr/3/cdHd0fd+fi6P7cA5+L7t8+/WPR/W/tmBfdH/7KKdH9g785M7p/5+n3R/evOfzA6P7zD385uv+bd14T3XcBAJQSAIBSAgBQSgAASgkAQCkBACglAAClBACglAAAlBIAgFICAFBKAABKCQBAKQEAKCUAAKUEAKCUAACUEgCAUgIAUEoAAEoJAEApAQAoJQAApQQAoJQAAJQSAIBSAgBQSgAASgkAQCkBACglAAClBi/59XuiD1y1azi6/+zhfxndXzj1gej+/O/+SnT/inN/N7p/zfzs72fHnpHo/nsO+lB0/zsL9kf3j/3x1uj+L299a3R/xRvvj+5v+uuPR/e/v3pddP+CZ98V3XcBAJQSAIBSAgBQSgAASgkAQCkBACglAAClBACglAAAlBIAgFICAFBKAABKCQBAKQEAKCUAAKUEAKCUAACUEgCAUgIAUEoAAEoJAEApAQAoJQAApQQAoJQAAJQSAIBSAgBQSgAASgkAQCkBACglAAClBnY+fEL0gcf2TY7uv7BpLLr/72umRvdHrh2M7s+ZvDO6v3HRx6P7Uz59fnT/meGvRPcfG1sV3V+37vjo/tC3/iG6/+a6pdH9VWu/GN2/aMUR0f1Jn5we3XcBAJQSAIBSAgBQSgAASgkAQCkBACglAAClBACglAAAlBIAgFICAFBKAABKCQBAKQEAKCUAAKUEAKCUAACUEgCAUgIAUEoAAEoJAEApAQAoJQAApQQAoJQAAJQSAIBSAgBQSgAASgkAQCkBACglAAClBv5j42vRB6btfyG6P2XP8uj+3FNeiu6vvjzb4KvmbYvun/6uZdH9Kd/ZHd1fNfpidH/tG3Oi+z/7z59G949c+VB0/7r1X4zuH/O+o6L7t17wcnT/tdNPju67AABKCQBAKQEAKCUAAKUEAKCUAACUEgCAUgIAUEoAAEoJAEApAQAoJQAApQQAoJQAAJQSAIBSAgBQSgAASgkAQCkBACglAAClBACglAAAlBIAgFICAFBKAABKCQBAKQEAKCUAAKUEAKCUAACUEgCAUoOP//MfRR/Y+MLc6P737r0xuj9jwtXR/cNm3h7d33HZp6L71y4Yiu7vO+6S6P6XHjgyun/KmhOj+6NzZkT3B2d8L7p/wLyl0fmfPf2r0f3nh26O7j/1O4uj+y4AgFICAFBKAABKCQBAKQEAKCUAAKUEAKCUAACUEgCAUgIAUEoAAEoJAEApAQAoJQAApQQAoJQAAJQSAIBSAgBQSgAASgkAQCkBACglAAClBACglAAAlBIAgFICAFBKAABKCQBAKQEAKCUAAKUEAKDU4LRzN0YfWH7KY9H9PXuPjO5ftGJ+dP+5s7ZG9/d9dGd0//kPPxTdX7x9JLq/4i13R/fPmD4uur/kf9ZH9x+5cnZ0f+G0V6L7543dFt2/euJwdP+ep16N7rsAAEoJAEApAQAoJQAApQQAoJQAAJQSAIBSAgBQSgAASgkAQCkBACglAAClBACglAAAlBIAgFICAFBKAABKCQBAKQEAKCUAAKUEAKCUAACUEgCAUgIAUEoAAEoJAEApAQAoJQAApQQAoJQAAJQSAIBSA0vG/ST6wOXTt0X3F33+iej+rW9+Pro/sm5WdP/eeVOj+6fffmF0f/btP4/uX3boidH94aVfje5/+68WRfcfnDAS3b91+KTo/vefviu6/5Hdo9H9J5evju67AABKCQBAKQEAKCUAAKUEAKCUAACUEgCAUgIAUEoAAEoJAEApAQAoJQAApQQAoJQAAJQSAIBSAgBQSgAASgkAQCkBACglAAClBACglAAAlBIAgFICAFBKAABKCQBAKQEAKCUAAKUEAKCUAACUEgCAUoOvLz4u+sB9R70e3f/IQ9uj+yfcf2Z0/67V343u7zl+WnT/Y+/8cHT/7/7l96L7Vw1Nj+4/cOhodH/kF8dE9++6+ero/meXz4juv7b01ej+3n87Nrp/0PMvRPddAAClBACglAAAlBIAgFICAFBKAABKCQBAKQEAKCUAAKUEAKCUAACUEgCAUgIAUEoAAEoJAEApAQAoJQAApQQAoJQAAJQSAIBSAgBQSgAASgkAQCkBACglAAClBACglAAAlBIAgFICAFBKAABKCQBAqYH3/8WN0QcOfmQsuv/eGyZF93+waCi6f9nMw6P7C39xQnR/3PQp0f1PnLQwuj902Jei++8by/79f7z+lej+GXMPie7/6Xs/Gt2/7ke/H91/5J3Z73PFSR+K7rsAAEoJAEApAQAoJQAApQQAoJQAAJQSAIBSAgBQSgAASgkAQCkBACglAAClBACglAAAlBIAgFICAFBKAABKCQBAKQEAKCUAAKUEAKCUAACUEgCAUgIAUEoAAEoJAEApAQAoJQAApQQAoJQAAJQSAIBSAyO7jok+8NxR06L7L371D6P7mxZdGt0/e/yW6P6ZB/xZdP9r2/ZE97f8+aPR/WVX74juj87/3+j+wi8sie4/eeKXo/uf2PKp6P71twxH99cOnRPdP/XJvdF9FwBAKQEAKCUAAKUEAKCUAACUEgCAUgIAUEoAAEoJAEApAQAoJQAApQQAoJQAAJQSAIBSAgBQSgAASgkAQCkBACglAAClBACglAAAlBIAgFICAFBKAABKCQBAKQEAKCUAAKUEAKCUAACUEgCAUgIAUOr/AgAA//+Bz29MX6UfhgAAAABJRU5ErkJggg=="
1,Gaultiero Markos,Physcia subtilis Degel.,Mechanical Systems Engineer,gmarkos0,gmarkos0@people.com.cn,54,7168861743,54,(768) 440-7231,AR,Argentina,54,2022-06-16,11 Corscot Parkway,Father,Aries,,"Destruction of Left Tarsal Joint, Open Approach",https://com.com,,,,,,
1,Albrecht Youtead,Scleria verticillata Muhl. ex Willd.,Desktop Support Technician,ayoutead1,ayoutead1@shop-pro.jp,374,2727179200,374,(259) 271-4317,AM,Armenia,374,2016-04-15,86391 Lukken Circle,Mother,Taurus,,"Removal of Synthetic Substitute from L Tibia, Open Approach",https://mail.ru,,,,,,
0,Jan Lundbeck,Polytrichum formosum Hedw.,Project Manager,jlundbeck2,jlundbeck2@jugem.jp,61,6124191210,61,(811) 391-3584,AU,Australia,61,2022-08-29,17 Forest Pass,,Gemini,,"Dilation of Gastric Artery with 4 Drug-elut, Perc Approach",http://blog.com,,,,,,
0,Frankie Cloonan,Lecidella pulveracea (Schaerer) Sydow,Food Chemist,fcloonan3,fcloonan3@sciencedaily.com,43,8978974309,43,(986) 800-1275,AT,Austria,43,2017-12-25,0 Elmside Point,Son,Cancer,,"Reposition Oculomotor Nerve, Perc Endo Approach",https://army.mil,,,,,,
1,Quintina Darleston,,,,qdarleston4@webmd.com,994,7621719893,994,(267) 901-9026,AZ,Azerbaijan,994,,,Daughter,Leo,,,,,,,,,
0,Aleksandr Conti,Edgeworthia chrysantha Lindl.,Web Developer II,aconti5,aconti5@webnode.com,1-242,8187240830,1-242,(721) 334-5729,BS,Bahamas,1-242,2017-06-01,48 Hagan Parkway,,,,"Insertion of Intraluminal Device into Esophagus, Endo",http://indiatimes.com,,,,,,
1,Cindelyn Jeppensen,Penstemon dolius M.E. Jones ex Pennell var. duchesnensis,Occupational Therapist,cjeppensen6,cjeppensen6@github.com,880,6502315755,880,(984) 307-9338,BD,Bangladesh,880,2014-08-23,0607 Warrior Hill,Grandfather,Libra,,"Reposition Right Finger Phalanx with Ext Fix, Open Approach",https://senate.gov,,,,,,
1,Gerrard Cheyne,Crataegus annosa Beadle,Executive Secretary,gcheyne7,gcheyne7@gmpg.org,1-246,6186499332,1-246,(324) 557-6677,BB,Barbados,1-246,2013-10-04,37960 Norway Maple Pass,Grandmother,Scorpio,,"Dilation of Gastric Artery, Bifurcation, Perc Approach",https://theglobeandmail.com,,,,,,
0,Claire Wellbeloved,Hibiscadelphus distans Bishop & D.R. Herbst,Electrical Engineer,cwellbeloved8,cwellbeloved8@squarespace.com,375,6420831806,375,(469) 863-9704,BY,Belarus,375,2012-06-17,1 Quincy Hill,Aunt,Sagittarius,,"Removal of Stimulator Lead from Up Art, Perc Endo Approach",https://fema.gov,,,,,,
0,Levin Beazleigh,Lorentziella imbricata (Mitt.) Broth.,Web Developer III,lbeazleigh9,lbeazleigh9@freewebs.com,32,6045320778,32,(476) 249-3344,BE,Belgium,32,2016-12-21,46 Petterle Pass,Uncle,,,"Extirpation of Matter from Bladder Neck, Perc Approach",http://behance.net,,,,,,
0,Bobbi Holmyard,Monoblastia Riddle,Speech Pathologist,bholmyarda,bholmyarda@wikia.com,975,1709633077,975,(315) 828-1090,BT,Bhutan,975,2014-04-28,2 Stephen Way,Cousin,Pisces,,"Extirpation of Matter from Left Neck Muscle, Perc Approach",http://umich.edu,,,,,,
0,Daniele Cattanach,,,,dcattanachb@slashdot.org,591,4013497565,591,(875) 375-7773,BO,Bolivia,591,,,,,,,,,,,,,
0,Lucia Broadhurst,Xanthoparmelia arida Egan & Derstine,Clinical Specialist,lbroadhurstc,lbroadhurstc@4shared.com,55,2364785863,55,(998) 998-9927,BR,Brazil,55,2011-04-03,93 Forest Dale Terrace,Niece,Virgo,,"Supplement Right Palatine Bone with Autol Sub, Perc Approach",http://adobe.com,,,,,,
1,Jemie Varfalameev,,,,jvarfalameevd@redcross.org,359,5002026788,359,(749) 752-7185,BG,Bulgaria,359,,,Friend,Libra,,,,,,,,,
1,Lyda Hastie,Lecidea planetica Tuck.,Product Engineer,lhastiee,lhastiee@mtv.com,855,5861123527,855,(759) 794-9590,KH,Cambodia,855,2018-06-02,545 Summerview Circle,Spouse,Scorpio,,"Release Ileocecal Valve, Endo",http://apple.com,,,,,,
0,Thedric Bagguley,Passiflora serratodigitata L.,Staff Accountant IV,tbagguleyf,tbagguleyf@jalbum.net,237,7263878402,237,(731) 770-2759,CM,Cameroon,237,2022-01-01,934 Monterey Lane,,Aquarius,,"Ultrasound Therapy of Other Vessels, Single",https://jugem.jp,,,,,,
1,Cull Denyukin,Poa howellii Vasey & Scribn.,Nuclear Power Engineer,cdenyuking,cdenyuking@marketwatch.com,1,2750007925,1,(313) 372-2476,CA,Canada,1,2016-12-28,5436 Fair Oaks Hill,Partner,Capricorn,,"Occlusion of Right Main Bronchus, Endo",https://about.com,,,,,,
0,Teodoro Keaveney,Epilobium septentrionale (D.D. Keck) R.N. Bowman & Hoch,Engineer III,tkeaveneyh,tkeaveneyh@princeton.edu,235,1709861088,235,(495) 420-0535,TD,Chad,235,2017-12-27,69 Shoshone Lane,Manager,Aquarius,,"Restriction of Upper Vein with Intralum Dev, Open Approach",https://a8.net,,,,,,
1,Richy Couth,,,,rcouthi@ft.com,56,1270136283,56,(440) 409-2994,CL,Chile,56,,,Relative,,,,,,,,,,
1,Seward Filyukov,Erigeron bigelovii A. Gray,VP Quality Control,sfilyukovj,sfilyukovj@cyberchimps.com,86,3652864824,86,(385) 844-4640,CN,China,86,2015-10-10,51 Hollow Ridge Pass,Other,Aries,,"Repair Left Ethmoid Sinus, Percutaneous Approach",http://nifty.com,,,,,,
0,Cilka Stife,Epiphyllum ackermanii Haw.,Senior Financial Analyst,cstifek,cstifek@ask.com,57,3982928885,57,(631) 609-9601,CO,Colombia,57,2013-09-20,9 Stoughton Court,,Taurus,,"Motor Function Assessment of Neuro Head, Neck",https://sakura.ne.jp,,,,,,
1,Kippy Measures,Primula laurentiana Fernald,Senior Quality Engineer,kmeasuresl,kmeasuresl@macromedia.com,53,6688164140,53,(673) 758-7281,CU,Cuba,53,2014-05-25,43432 Continental Plaza,Child,Gemini,,"Supplement Left Tarsal with Synth Sub, Perc Endo Approach",https://liveinternet.ru,,,,,,
0,Christalle Fallanche,Solidago arguta Aiton var. harrisii (Steele) Cronquist,Accountant II,cfallanchem,cfallanchem@hostgator.com,420,6097467419,420,(944) 238-6071,CZ,Czech Republic,420,2012-06-26,1668 Harper Road,Family,Cancer,,"Drainage of Esophagus, Percutaneous Approach",https://123-reg.co.uk,,,,,,
0,Toni Scoone,Arceuthobium abietinum (Engelm.) Hawksw. & Wiens,Project Manager,tscoonen,tscoonen@ycombinator.com,45,9768171936,45,(434) 217-6815,DK,Denmark,45,2021-03-19,81 Little Fleur Avenue,Nephew,Leo,,"Revision of Synthetic Substitute in Hair, External Approach",http://diigo.com,,,,,,
1,Tobye Brymner,Euphorbia ipecacuanhae L.,Teacher,tbrymnero,tbrymnero@mlb.com,20,5591705774,20,(226) 521-4535,EG,Egypt,20,2020-11-21,0 Barby Court,Domestic Partner,,,"Supplement L Low Arm Subcu/Fascia w Nonaut Sub, Open",http://amazon.co.jp,,,,,,
0,Karalynn Burgise,Phyllostachys rubromarginata McClure,Mechanical Systems Engineer,kburgisep,kburgisep@biglobe.ne.jp,44,7660647067,44,(611) 323-5962,GB_EN,England,44,2015-04-28,33 Texas Street,Manager,Libra,,"Replace of L Metacarpocarp Jt with Nonaut Sub, Open Approach",https://fotki.com,,,,,,
1,Torre Hasnney,Rubus impar L.H. Bailey,Systems Administrator II,thasnneyq,thasnneyq@google.co.jp,372,6687598945,372,(806) 963-0447,EE,Estonia,372,2021-01-14,7811 Commercial Plaza,Brother,Capricorn,,"Drainage of Left Sphenoid Bone, Open Approach",https://ucla.edu,,,,,,
0,Minette Turnpenny,,,,mturnpennyr@ebay.co.uk,251,2454801523,251,(593) 436-8579,ET,Ethiopia,251,,,Sister,Aquarius,,,,,,,,,
0,Piggy Skillington,Heuchera richardsonii R. Br.,Technical Writer,pskillingtons,pskillingtons@amazon.co.uk,679,9870930182,679,(210) 782-2216,FJ,Fiji,679,2022-01-24,286 School Hill,Parent,,,"Insertion of Ext Fix into L Tarsal Jt, Perc Approach",https://mozilla.com,,,,,,
0,Lucretia Taplin,Rhamnus utilis Decne.,Pharmacist,ltaplint,ltaplint@youtube.com,358,9168784872,358,(976) 606-8151,FI,Finland,358,2022-03-31,76063 Dawn Way,Father,Aries,,"CT Scan of Cereb Vent using H Osm Contrast, Unenh, Enhance",http://uol.com.br,,,,,,
0,Vivia Rivlin,Carex breviculmis R. Br.,GIS Technical Architect,vrivlinu,vrivlinu@geocities.jp,33,9679006751,33,(601) 930-6258,FR,France,33,2019-09-21,35693 Straubel Drive,Mother,Taurus,,"Excision of L Axilla Lymph, Perc Endo Approach, Diagn",https://csmonitor.com,,,,,,
1,Allianora Kleinmintz,Quercus ×blufftonensis Trel.,Computer Systems Analyst IV,akleinmintzv,akleinmintzv@macromedia.com,995,6582918850,995,(589) 877-6621,GE,Georgia,995,2019-10-30,5 Morrow Lane,,Gemini,,"Drainage of Left Pleural Cavity, Open Approach, Diagnostic",https://rakuten.co.jp,,,,,,
0,Serge Deverose,Phaeophyscia rubropulchra (Degel.) Essl.,Tax Accountant,sdeverosew,sdeverosew@fastcompany.com,49,350376646,49,(604) 565-8944,DE,Germany,49,2021-01-04,4197 Monica Road,Son,Cancer,,"Removal of Nonaut Sub from R Pelvic Bone, Perc Approach",http://goodreads.com,,,,,,
1,Alie McKeever,,,,amckeeverx@miitbeian.gov.cn,233,2257927249,233,(617) 941-1905,GH,Ghana,233,,,Daughter,Leo,,,,,,,,,
0,Prescott Tortoise,Vancouveria C. Morren & Decne.,GIS Technical Architect,ptortoisey,ptortoisey@businesswire.com,30,2229191446,30,(366) 486-3078,GR,Greece,30,2013-06-13,0640 Myrtle Hill,,,,"Drainage of Thoracic Nerve, Open Approach",https://telegraph.co.uk,,,,,,
0,Aubrie Olsson,Ionactis Greene,Geologist IV,aolssonz,aolssonz@latimes.com,299,8995793589,299,(682) 563-6115,GL,Greenland,299,2012-10-08,79000 Northwestern Plaza,Grandfather,Libra,,"Removal of Autol Sub from L Acromioclav Jt, Perc Approach",https://usnews.com,,,,,,
0,Pippa Ferriere,Brugmansia suaveolens (Humb. & Bonpl. ex Willd.) Bercht. & C. Presl,Product Engineer,pferriere10,pferriere10@google.com.hk,502,1704813840,502,(779) 997-3893,GT,Guatemala,502,2013-12-09,47 Summerview Pass,Grandmother,Scorpio,,"Bypass Lower Esophagus to Jejunum with Synth Sub, Endo",https://amazon.co.uk,,,,,,
1,Juliane Gervaise,Betula nana L.,Administrative Officer,jgervaise11,jgervaise11@gizmodo.com,224,4321913403,224,(588) 780-8562,GN,Guinea,224,2015-11-14,906 Dexter Plaza,Aunt,Sagittarius,,"Revision of Autol Sub in L Metacarpocarp Jt, Perc Approach",http://dedecms.com,,,,,,
1,Zach Olpin,Liparis saundersiana Rchb. f.,Accounting Assistant I,zolpin12,zolpin12@amazon.co.jp,509,8715346633,509,(735) 568-6515,HT,Haiti,509,2013-09-05,2 Trailsway Junction,Uncle,,,"Bypass Bi Ureter to Cutan with Synth Sub, Perc Approach",https://icq.com,,,,,,
1,Tisha Tankard,Iva frutescens L. ssp. frutescens,Systems Administrator II,ttankard13,ttankard13@statcounter.com,852,1842613375,852,(689) 596-6023,HK,Hong Kong,852,2012-12-03,5941 Briar Crest Court,Cousin,Pisces,,"Supplement R Metacarpocarp Jt w Synth Sub, Perc Endo",http://yellowbook.com,,,,,,
1,Dulciana Fleming,Suaeda suffrutescens S. Watson var. detonsa I.M. Johnst.,Community Outreach Specialist,dfleming14,dfleming14@va.gov,36,9628315692,36,(587) 654-1495,HU,Hungary,36,2021-03-08,25905 Drewry Way,,,,"Excision of Left Inguinal Region, Perc Approach, Diagn",https://google.com.hk,,,,,,
0,Goldina Cariss,Justicia warnockii B.L. Turner,Computer Systems Analyst III,gcariss15,gcariss15@twitpic.com,354,6065492736,354,(280) 678-5933,IS,Iceland,354,2012-12-24,8 Mcguire Circle,Niece,Virgo,,"Reposition Right Renal Artery, Open Approach",http://fc2.com,,,,,,
1,Clevey Eymor,Lotus dendroideus (Greene) Greene var. traskiae (Eastw. ex Noddin) Isely,Speech Pathologist,ceymor16,ceymor16@globo.com,91,1771448555,91,(864) 872-8507,IN,India,91,2012-04-12,7437 Sundown Way,Friend,Libra,,"Repair Lumbosacral Joint, External Approach",http://washingtonpost.com,,,,,,
0,Ainsley MacNucator,Matelea brevicoronata (B.L. Rob.) Woodson,Account Coordinator,amacnucator17,amacnucator17@state.gov,62,1053992149,62,(420) 614-2524,ID,Indonesia,62,2015-02-02,15323 Washington Center,Spouse,Scorpio,,"Division of Left Hand Tendon, Perc Endo Approach",https://wordpress.org,,,,,,
0,Emmye Dreinan,Legousia speculum-veneris (L.) Fisch. ex A. DC.,Compensation Analyst,edreinan18,edreinan18@over-blog.com,98,9860197237,98,(657) 984-4982,IR,Iran,98,2021-12-30,810 Stuart Street,,Aquarius,,"Transfer R Up Arm Muscle with Skin, Subcu, Open Approach",https://gravatar.com,,,,,,
1,Teresita Haughin,Rubus trux Ashe,Recruiter,thaughin19,thaughin19@blinklist.com,964,4390164465,964,(365) 211-9926,IQ,Iraq,964,2013-07-09,9474 Ridge Oak Park,Partner,Capricorn,,"Introduce of Oxazolidinones into Pericard Cav, Perc Approach",http://pbs.org,,,,,,
1,Othilia Pledge,Iris munzii R.C. Foster,Cost Accountant,opledge1a,opledge1a@irs.gov,353,9244577933,353,(805) 599-6345,IE,Ireland,353,2019-02-08,844 Rieder Alley,Manager,Aquarius,,"Revision of Nonaut Sub in Spinal Cord, Perc Approach",https://opera.com,,,,,,
1,Ruthi Coughlan,,,,rcoughlan1b@kickstarter.com,972,8643411086,972,(986) 766-9034,IL,Israel,972,,,Relative,,,,,,,,,,
1,Desmond Stickley,Vitis tiliifolia Humb. & Bonpl. ex Schult.,Senior Cost Accountant,dstickley1c,dstickley1c@blogspot.com,39,9229757179,39,(876) 779-0572,IT,Italy,39,2012-03-23,335 Dunning Pass,Other,Aries,,Fluoroscopy of Bilateral Renal Arteries using Other Contrast,https://is.gd,,,,,,
0,Kelly Leask,Pectis ×floridana Keil,Graphic Designer,kleask1d,kleask1d@com.com,81,259714909,81,(644) 419-3974,JP,japan,81,2015-03-16,953 Victoria Circle,,Taurus,,"Change Other Device in Right Eye, External Approach",https://digg.com,,,,,,
1,Marketa Nuss,Bidens sandvicensis Less. ssp. sandvicensis,Budget/Accounting Analyst I,mnuss1e,mnuss1e@cnbc.com,962,4748634480,962,(802) 351-1203,JO,Jordan,962,2022-04-29,6434 Maryland Drive,Child,Gemini,,"Irrigation of Male Reproductive using Irrigat, Endo",https://timesonline.co.uk,,,,,,
1,Mick Aveyard,,,,maveyard1f@miibeian.gov.cn,7,1626395195,7,(409) 256-1701,KZ,Kazakhstan,7,,,Family,Cancer,,,,,,,,,
1,Sammie McMoyer,Synthyris missurica (Raf.) Pennell ssp. hirsuta Pennell,Nurse,smcmoyer1g,smcmoyer1g@ning.com,254,5307633548,254,(436) 769-6002,KE,Kenya,254,2018-03-01,2 Merrick Road,Nephew,Leo,,"Alteration of L Low Extrem with Synth Sub, Perc Approach",http://tripod.com,,,,,,
1,Kenyon Luberti,Aristolochia anguicida Jacq.,Account Representative II,kluberti1h,kluberti1h@themeforest.net,996,2204883158,996,(512) 327-3971,KG,Kyrgyzstan,996,2012-08-24,5 Warner Place,Domestic Partner,,,"Removal of Drainage Device from Left Lung, Via Opening",https://hexun.com,,,,,,
1,Kip Smorfit,,,,ksmorfit1i@about.me,355,4744637701,355,(648) 710-7108,AL,Albania,33,,,Manager,Libra,,,,,,,,,
0,Rutherford Rustadge,Pediomelum castoreum (S. Watson) Rydb.,Web Designer IV,rrustadge1j,rrustadge1j@tripadvisor.com,213,4979049435,213,(409) 328-9534,DZ,Algeria,995,2020-10-13,28957 Arizona Drive,Brother,Capricorn,,"Dilation of Ampulla of Vater, Via Opening",https://examiner.com,,,,,,
0,Riccardo Tyre,Morella faya (Aiton) Wilbur,Chemical Engineer,rtyre1k,rtyre1k@ustream.tv,244,6013239231,244,(529) 334-8219,AO,Angola,49,2013-09-29,5928 Jackson Court,Sister,Aquarius,,"Occlusion of Stomach, Percutaneous Approach",https://networkadvertising.org,,,,,,
0,Darlene Antoniewicz,Heterotheca oregona (Nutt.) Shinners var. oregona,Mechanical Systems Engineer,dantoniewicz1l,dantoniewicz1l@usa.gov,54,2806927978,54,(621) 466-8575,AR,Argentina,233,2012-02-20,0429 Messerschmidt Avenue,Parent,,,"Fusion of Left Sternoclavicular Joint, Open Approach",https://nba.com,,,,,,
0,Danni Geipel,Thermopsis robusta Howell,Safety Technician IV,dgeipel1m,dgeipel1m@squarespace.com,374,9833949975,374,(836) 590-2392,AM,Armenia,30,2016-12-22,97173 Kinsman Center,Father,Aries,,"Restrict of L Cephalic Vein with Intralum Dev, Open Approach",https://washington.edu,,,,,,
1,Gabriel Scud,Aristida schiedeana Trin. & Rupr. var. orcuttiana (Vasey) Allred & Valdés-Reyna,Sales Associate,gscud1n,gscud1n@cbslocal.com,61,2614756229,61,(298) 969-8608,AU,Australia,299,2012-04-11,90 Iowa Plaza,Mother,Taurus,,"Dilate L Peroneal Art, Bifurc, w 3 Intralum Dev, Perc Endo",https://exblog.jp,,,,,,
0,Audrye Capstack,Tetraneuris acaulis (Pursh) Greene,Product Engineer,acapstack1o,acapstack1o@ftc.gov,43,9749616049,43,(600) 944-1016,AT,Austria,502,2013-10-04,68 Fremont Pass,,Gemini,,"Occlusion of Left External Iliac Vein, Perc Endo Approach",https://guardian.co.uk,,,,,,
0,Bartlet Cuvley,Hedyotis degeneri Fosberg,Senior Quality Engineer,bcuvley1p,bcuvley1p@tripod.com,994,2243296756,994,(503) 529-6508,AZ,Azerbaijan,224,2012-09-24,7368 1st Center,Son,Cancer,,"Occlusion L Int Mamm Art w Extralum Dev, Perc Endo",http://feedburner.com,,,,,,
0,Martin Truelove,Riccia elliottii Steph.,Information Systems Manager,mtruelove1q,mtruelove1q@washingtonpost.com,1-242,7570719891,1-242,(611) 407-8911,BS,Bahamas,509,2021-12-30,7718 Harper Trail,Daughter,Leo,,"Reattachment of Parathyroid Gland, Open Approach",https://oracle.com,,,,,,
0,Thomasina Dallin,Paronychia lindheimeri Engelm. ex A. Gray,Media Manager III,tdallin1r,tdallin1r@simplemachines.org,880,5345522820,880,(832) 359-6043,BD,Bangladesh,852,2021-12-28,59 Garrison Alley,,,,"Drainage of Cerebellum, Percutaneous Endoscopic Approach",https://github.com,,,,,,
0,Maris Arnet,Yucca L.,Technical Writer,marnet1s,marnet1s@unesco.org,1-246,9113591584,1-246,(536) 563-2518,BB,Barbados,36,2011-05-18,7584 Dwight Plaza,Grandfather,Libra,,Removal of Packing Material on Left Lower Arm,http://who.int,,,,,,
0,Payton Boskell,Samolus ebracteatus Kunth,Chemical Engineer,pboskell1t,pboskell1t@topsy.com,375,2187753042,375,(700) 669-3971,BY,Belarus,354,2014-11-21,19333 Moose Avenue,Grandmother,Scorpio,,"Removal of Monitor Dev from Periph Nrv, Perc Endo Approach",https://artisteer.com,,,,,,
1,Conrado Kynsey,Viburnum opulus L. var. americanum Aiton,Senior Developer,ckynsey1u,ckynsey1u@usnews.com,32,7174999492,32,(821) 816-4734,BE,Belgium,91,2019-07-07,74205 Debra Place,Aunt,Sagittarius,,"Drainage of Right Temporal Artery, Open Approach, Diagnostic",https://stanford.edu,,,,,,
0,Whitman Laxton,Oenothera caespitosa Nutt.,Account Coordinator,wlaxton1v,wlaxton1v@yellowpages.com,975,8186687009,975,(868) 811-5626,BT,Bhutan,62,2011-01-19,412 Charing Cross Terrace,Uncle,,,"Supplement Left Hepatic Duct with Autol Sub, Perc Approach",http://hao123.com,,,,,,
0,Misha Chaney,Lathyrus eucosmus Butters & H. St. John,Librarian,mchaney1w,mchaney1w@wikipedia.org,591,1194228178,591,(278) 476-5275,BO,Bolivia,98,2018-03-28,97 Springs Point,Cousin,Pisces,,"Removal of Autol Sub from Larynx, Open Approach",http://fotki.com,,,,,,
1,Nanete Lednor,Abutilon abutiloides (Jacq.) Garcke ex Hochr.,Senior Developer,nlednor1x,nlednor1x@bing.com,55,9651762047,55,(603) 366-7139,BR,Brazil,964,2014-04-03,615 Village Green Junction,,,,"Fusion of R Metatarsophal Jt with Nonaut Sub, Open Approach",http://booking.com,,,,,,
1,Tish Pocke,Jateorhiza Miers,Staff Accountant I,tpocke1y,tpocke1y@nature.com,359,996892362,359,(365) 755-2516,BG,Bulgaria,353,2012-12-10,3448 Glendale Parkway,Niece,Virgo,,"Drainage of Abdomen Skin, External Approach, Diagnostic",http://tripadvisor.com,,,,,,
1,Pryce Merriott,Bromus hordeaceus L. ssp. divaricatus (Bonnier & Layens) Kerguélen,Technical Writer,pmerriott1z,pmerriott1z@google.com.br,855,2080899244,855,(946) 524-2979,KH,Cambodia,972,2016-07-23,0 Menomonie Plaza,Friend,Libra,,"Restrict of R Cephalic Vein with Intralum Dev, Perc Approach",https://moonfruit.com,,,,,,
1,Orelie Cousen,Desmatodon cernuus (Hüb.) Bruch & Schimp.,Web Developer II,ocousen20,ocousen20@tumblr.com,237,861333268,237,(896) 915-7279,CM,Cameroon,33,2017-05-23,50 8th Road,Spouse,Scorpio,,"Supplement L Innom Vein with Autol Sub, Perc Approach",https://delicious.com,,,,,,
0,Cynthia Bernaldo,Eucalyptus deanei Maiden,Quality Control Specialist,cbernaldo21,cbernaldo21@pen.io,1,7334696492,1,(273) 502-0848,CA,Canada,995,2018-12-03,45 Butterfield Trail,,Aquarius,,"Removal of Drain Dev from Bone Marrow, Perc Endo Approach",https://symantec.com,,,,,,
1,Tildi Boyle,Opuntia polyacantha Haw. var. hystricina (Engelm. & J.M. Bigelow) Parfitt,Mechanical Systems Engineer,tboyle22,tboyle22@ovh.net,235,3407748515,235,(401) 546-0415,TD,Chad,49,2015-12-25,65205 Corben Pass,Partner,Capricorn,,"Replace L Hypogast Vein w Synth Sub, Perc Endo",http://pbs.org,,,,,,
1,Mikaela Robjant,Agrostis oregonensis Vasey,Associate Professor,mrobjant23,mrobjant23@skyrock.com,56,7176899274,56,(745) 320-9337,CL,Chile,233,2017-02-08,65346 Waxwing Court,Manager,Aquarius,,"Repair Left Foot, Percutaneous Approach",http://tamu.edu,,,,,,
0,Cristina Fiddian,Limnanthes douglasii R. Br. ssp. sulphurea (C.T. Mason) C.T. Mason,Project Manager,cfiddian24,cfiddian24@lycos.com,86,2551371503,86,(324) 249-5081,CN,China,30,2014-07-12,5368 Stang Terrace,Relative,,,"Destruction of Right External Iliac Artery, Perc Approach",https://google.nl,,,,,,
1,Emlynne Boyn,Mycomicrothelia wallrothii (Hepp) D. Hawksw.,General Manager,eboyn25,eboyn25@imdb.com,57,398571295,57,(946) 524-2980,CO,Colombia,299,2016-02-01,89 Esker Point,Other,Aries,,"Restrict Small Intest w Intralum Dev, Perc Endo",http://upenn.edu,,,,,,
0,Amitie Gouthier,Lecidea hypomela Nyl.,Business Systems Development Analyst,agouthier26,agouthier26@printfriendly.com,53,5076869371,53,(896) 915-7280,CU,Cuba,502,2019-08-15,51152 Stone Corner Junction,,Taurus,,"Removal of Infusion Device from C-thor Disc, Open Approach",http://edublogs.org,,,,,,
1,Obediah Stone Fewings,Malvastrum americanum (L.) Torr.,Graphic Designer,ostone27,ostone27@chicagotribune.com,420,2388736617,420,(273) 502-0849,CZ,Czech Republic,224,2012-10-24,8 Lakeland Point,Child,Gemini,,"Supplement R Metatarsophal Jt w Nonaut Sub, Perc Endo",https://si.edu,,,,,,
1,Catha Stritton,Rumex verticillatus L.,Professor,cstritton28,cstritton28@apple.com,45,3186580641,45,(401) 546-0416,DK,Denmark,509,2013-06-21,28379 Debs Park,Family,Cancer,,"Destruction of Left Inguinal Lymphatic, Perc Endo Approach",http://cpanel.net,,,,,,
1,Aristotle Hruska,Buddleja globosa Hope,Payment Adjustment Coordinator,ahruska29,ahruska29@mediafire.com,20,2517346046,20,(745) 320-9338,EG,Egypt,852,2014-12-17,5623 Mariners Cove Point,Nephew,Leo,,"Destruction of Right Seminal Vesicle, Percutaneous Approach",https://nsw.gov.au,,,,,,
0,Carrissa Cassell,Lupinus adsurgens E. Drew var. lilacinus A. Heller ex C.P. Sm.,Account Coordinator,ccassell2a,ccassell2a@shutterfly.com,44,3823986457,44,(324) 249-5082,GB_EN,England,36,2016-03-11,805 Hoepker Avenue,Domestic Partner,,,"Reposition Right Hip Joint with Ext Fix, Perc Approach",https://japanpost.jp,,,,,,
0,Vail Elbourne,Parmelia omphalodes (L.) Ach.,Project Manager,velbourne2b,velbourne2b@army.mil,372,8432385212,372,(946) 524-2981,EE,Estonia,354,2021-05-31,142 Dayton Point,Manager,Libra,,"Removal of Nonaut Sub from Penis, Perc Endo Approach",https://squidoo.com,,,,,,
0,Dru Capitano,Aesculus californica (Spach) Nutt.,Accounting Assistant IV,dcapitano2c,dcapitano2c@google.es,251,4967606490,251,(896) 915-7281,ET,Ethiopia,91,2016-05-17,19 Mallard Road,Brother,Capricorn,,"Restrict Hepatic Vein w Intralum Dev, Perc Endo",https://illinois.edu,,,,,,
1,Gunther Mollitt,Nicotiana attenuata Torr. ex S. Watson,Safety Technician IV,gmollitt2d,gmollitt2d@privacy.gov.au,679,3565676604,679,(273) 502-0850,FJ,Fiji,62,2012-09-18,1802 Del Sol Road,Sister,Aquarius,,"Dilation of L Com Carotid with 4 Drug-elut, Open Approach",https://google.co.uk,,,,,,
0,Albie Hackworth,Ochrosia Juss.,Database Administrator II,ahackworth2e,ahackworth2e@google.it,358,3341741739,358,(401) 546-0417,FI,Finland,98,2016-03-04,871 Luster Lane,Parent,,,"Drainage of Right Middle Lung Lobe, Via Opening, Diagn",https://hp.com,,,,,,
1,Torrence Curee,,,,tcuree2f@hubpages.com,33,5451310866,33,(745) 320-9339,FR,France,964,,,Father,Aries,,,,,,,,,
0,Lorrie De la Eglise,Hygrohypnum alpestre (Hedw.) Loeske,Desktop Support Technician,lde2g,lde2g@fda.gov,995,6005210665,995,(324) 249-5083,GE,Georgia,353,2018-07-10,54 Cordelia Terrace,Mother,Taurus,,"Bypass Portal Vein to Left Renal Vein, Open Approach",http://fema.gov,,,,,,
1,Sondra Shoreman,Caryocar brasiliense Cambess.,Associate Professor,sshoreman2h,sshoreman2h@cloudflare.com,49,6948027796,49,(946) 524-2982,DE,Germany,972,2016-09-13,3 Independence Lane,,Gemini,,"Reposition R Finger Phalanx Jt with Int Fix, Perc Approach",https://joomla.org,,,,,,
1,Cynthia Bernaldo,Buddleja globosa Hope,Safety Technician IV,velbourne2b,dcapitano2c@google.es,233,7890844927,233,(896) 915-7282,GH,Ghana,30,2016-03-11,142 Dayton Point,Son,Cancer,,"Dilation of L Com Carotid with 4 Drug-elut, Open Approach",https://hp.com,,,,,,
1,Tildi Boyle,Lupinus adsurgens E. Drew var. lilacinus A. Heller ex C.P. Sm.,Professor,dcapitano2c,gmollitt2d@privacy.gov.au,30,8833662058,30,(273) 502-0851,GR,Greece,299,2021-05-31,19 Mallard Road,Daughter,Leo,,"Drainage of Right Middle Lung Lobe, Via Opening, Diagn",https://si.edu,,,,,,
